Metric,Analysis,Test_Type,p_value,Effect_Size,Significance,Good_Metric_N,Good_Metric_MOCA_Mean,Good_Metric_MOCA_Std,Bad_Metric_N,Bad_Metric_MOCA_Mean,Bad_Metric_MOCA_Std,Good_Normal,Bad_Normal
CardiacCouplingStrength_Cardiac,Metric_to_MOCA,Mann-Whitney,0.1590023024087459,0.18655177261062947,ns,4,-1.75,0.9574271077563381,53,-0.4716981132075472,1.8770247896492764,True,False
PulseAmplitudeSE_Cardiac,Metric_to_MOCA,Mann-Whitney,0.5186476521059826,0.08548947905881249,ns,51,-0.6078431372549019,1.8008712488409493,6,-0.16666666666666666,2.401388487243717,False,True
CardiacPhaseLag_Cardiac,Metric_to_MOCA,Mann-Whitney,0.5923449551202226,0.07092089110633194,ns,12,-0.8333333333333334,1.80067327475704,45,-0.4888888888888889,1.8783723880750665,True,False
PulseWaveVelocity_Cardiac,Metric_to_MOCA,Mann-Whitney,0.1433004418487979,0.2157975736723167,ns,32,-0.25,2.0,14,-1.0714285714285714,1.3847680013570565,False,True
AutoregulationEffectiveness_Endothelial,Metric_to_MOCA,t-test,0.29523525400034173,0.3546856327461549,ns,46,-0.43478260869565216,1.7969378139619572,11,-1.0909090909090908,2.0714509627092528,True,True
BilateralEfficiency_Endothelial,Metric_to_MOCA,Mann-Whitney,0.42391908584683513,0.10591497836827553,ns,13,-0.23076923076923078,1.7867030229749128,44,-0.6590909090909091,1.8794257140943758,True,False
COx_CI_Lower_Endothelial,Metric_to_MOCA,Mann-Whitney,0.7734379390413622,0.03813075131143746,ns,41,-0.5121951219512195,1.719330556052445,16,-0.6875,2.212653007891959,True,False
COx_Stability_Endothelial,Metric_to_MOCA,Mann-Whitney,0.5808523549236816,0.07584227852749743,ns,9,-0.1111111111111111,1.7638342073763937,44,-0.5909090909090909,1.8340219092574561,True,False
COx_SingleHemisphere_Endothelial,Metric_to_MOCA,t-test,0.04503277338629044,0.6474795666376855,*,13,-1.4615384615384615,1.8081014266989475,44,-0.29545454545454547,1.7989602352799219,True,True
COx_Window_SE_rSO2_Endothelial,Metric_to_MOCA,t-test,0.31976513881723356,0.2680004283560759,ns,25,-0.84,1.795364401266031,32,-0.34375,1.894122913884742,True,True
XCorr_MaxCorr_Endothelial,Metric_to_MOCA,Mann-Whitney,0.7125465163839619,0.04880083206158987,ns,33,-0.6666666666666666,2.0412414523193148,24,-0.4166666666666667,1.5857152183236396,False,True
XCorr_OptimalLag_Endothelial,Metric_to_MOCA,t-test,0.7721930196555816,0.07765921306812937,ns,32,-0.625,1.80947327926861,25,-0.48,1.9390719429665315,True,True
XCorr_Width_Endothelial,Metric_to_MOCA,Mann-Whitney,0.964760553747614,0.0058518455062208955,ns,17,-0.6470588235294118,1.902011319320558,40,-0.525,1.8534444718567673,False,False
CVRI,Metric_to_MOCA,Mann-Whitney,0.11949852240250286,0.2062140481313749,ns,54,-0.6481481481481481,1.8648426248275922,3,1.0,0.0,False,True
SE_alpha,Metric_to_MOCA,Mann-Whitney,0.3811442429152081,0.11600121064398938,ns,48,-0.4791666666666667,1.9128855704599164,9,-1.0,1.5,False,True
rSO2_alpha,Metric_to_MOCA,Mann-Whitney,0.4105615409450216,0.10899654130059248,ns,53,-0.5094339622641509,1.8669456906673279,4,-1.25,1.707825127659933,False,True
VasomotionStrength_SE,Metric_to_MOCA,Mann-Whitney,0.03215142230247908,0.2837840999575374,*,25,-1.12,1.6411378166788229,32,-0.125,1.9134498484623643,True,False
VasomotionStrength_rSO2,Metric_to_MOCA,Mann-Whitney,0.06142358941666129,0.24774502094594636,ns,51,-0.39215686274509803,1.7897310565841897,6,-2.0,1.8973665961010275,False,True
VasomotionCoupling,Metric_to_MOCA,Mann-Whitney,0.8592137043179693,0.023493916079795316,ns,9,-0.7777777777777778,2.1666666666666665,48,-0.5208333333333334,1.8100144978064414,True,False
EndothelialDysfunctionIndex,Metric_to_MOCA,Mann-Whitney,0.3752003082567541,0.11745615453683793,ns,7,-1.2857142857142858,2.4299715851758235,50,-0.46,1.7636927864279421,True,False
EstimatedCCP,Metric_to_MOCA,Mann-Whitney,0.38122212796505595,0.11807217728036101,ns,5,0.2,1.4832396974191326,50,-0.56,1.8534028274544976,True,False
EstimatedRAP,Metric_to_MOCA,Mann-Whitney,0.6214064970840812,0.06541308465527264,ns,27,-0.7037037037037037,1.977076606718088,30,-0.43333333333333335,1.7554512797005501,False,True
FractalDim_SE,Metric_to_MOCA,Mann-Whitney,0.2922653254706772,0.13949512672378478,ns,9,-1.1111111111111112,1.6158932858054431,48,-0.4583333333333333,1.890157410233601,True,False
SE_Power_Endothelial,Metric_to_MOCA,Mann-Whitney,0.5130660873396972,0.08663381554424526,ns,9,-0.8888888888888888,1.536590742882148,48,-0.5,1.913001429190555,True,False
rSO2_Power_Endothelial,Metric_to_MOCA,Mann-Whitney,0.003822391410929316,0.38311554571104467,**,43,-0.13953488372093023,1.7400245667236345,14,-1.8571428571428572,1.6104057232283402,False,True
PowerRatio_Endothelial,Metric_to_MOCA,Mann-Whitney,0.00295801001853007,0.3936600452968251,**,33,-1.1818181818181819,1.8106377580590467,24,0.2916666666666667,1.5736738147920994,True,False
rSO2_to_SE_Causality_Endothelial,Metric_to_MOCA,Mann-Whitney,0.11902042940604077,0.2350127761275023,ns,41,-0.36585365853658536,1.867566565894983,3,-2.0,1.0,False,True
Bidirectional_Causality_Endothelial,Metric_to_MOCA,Mann-Whitney,0.11902042940604077,0.2350127761275023,ns,41,-0.36585365853658536,1.867566565894983,3,-2.0,1.0,False,True
HRx,Metric_to_MOCA,t-test,0.3918373042268166,0.2395391666993983,ns,20,-0.85,1.899445902583726,37,-0.40540540540540543,1.8327189797835506,True,True
TOHRx,Metric_to_MOCA,t-test,0.7932652016470481,0.07308939166740253,ns,20,-0.65,1.8144159564878983,37,-0.5135135135135135,1.8947533058659878,True,True
Hurst_SE,Metric_to_MOCA,Mann-Whitney,0.9621343864115096,0.006288261998111108,ns,4,-0.5,2.0816659994661326,53,-0.5660377358490566,1.8554434879591886,True,False
Lx_Endothelial,Metric_to_MOCA,Mann-Whitney,0.029473181781196685,0.28836380679274576,*,16,0.3125,1.4930394055974097,41,-0.9024390243902439,1.8815535874481557,True,False
Mx,Metric_to_MOCA,t-test,0.3624732034703978,0.24420409646905267,ns,26,-0.8076923076923077,1.7667876107609712,31,-0.3548387096774194,1.9243767319450766,True,True
COx_TemporalVariability,Metric_to_MOCA,Mann-Whitney,0.09077951081847026,0.2240181639546951,ns,16,0.125,1.6278820596099706,41,-0.8292682926829268,1.8828494234057893,True,False
PRx,Metric_to_MOCA,t-test,0.37360655063061954,0.23766872096282926,ns,28,-0.7857142857142857,1.7921049666914637,29,-0.3448275862068966,1.9137820085774344,True,True
AutoregulationRange,Metric_to_MOCA,Mann-Whitney,0.11019293974581146,0.21157106754673907,ns,42,-0.7857142857142857,1.7604837789336494,15,0.06666666666666667,2.016597794967223,True,False
FRx,Metric_to_MOCA,t-test,0.279500236224939,0.29301014857200147,ns,24,-0.875,2.0067819794495563,33,-0.3333333333333333,1.7260262647673317,True,True
SurrogatePValue,Metric_to_MOCA,Mann-Whitney,0.9353139411930558,0.010750032641995776,ns,26,-0.5769230769230769,2.0233255185081203,31,-0.5483870967741935,1.7289439874755794,False,True
SurrogateSignificance,Metric_to_MOCA,Mann-Whitney,0.9470360826529065,0.00879876924824415,ns,22,-0.6363636363636364,2.1054454238712608,35,-0.5142857142857142,1.7041718459921433,False,True
Sx,Metric_to_MOCA,t-test,0.45489668249540005,0.19940055234368712,ns,29,-0.3793103448275862,1.8010670072298867,28,-0.75,1.9172704363041553,True,True
PhaseDiff_Endothelial,Metric_to_MOCA,Mann-Whitney,0.23931004525547572,0.15585945498301598,ns,54,-0.5,1.8808869846581968,3,-1.6666666666666667,0.5773502691896257,False,False
AmplitudeCorr_Endothelial,Metric_to_MOCA,Mann-Whitney,0.1578908393732159,0.18705056797072653,ns,26,-0.9230769230769231,1.8313509095326745,31,-0.25806451612903225,1.8433256528257806,False,True
TransferCoherence_Endothelial,Metric_to_MOCA,Mann-Whitney,0.6681445573689593,0.056782156795342764,ns,5,-1.0,2.1213203435596424,52,-0.5192307692307693,1.8416785248350518,True,False
TransferPhaseVariability_Endothelial,Metric_to_MOCA,Mann-Whitney,0.2625178567834172,0.148408531389176,ns,45,-0.4,1.8512894768978534,12,-1.1666666666666667,1.8006732747570402,False,True
WaveletCoherence_Endothelial,Metric_to_MOCA,t-test,0.2569136568170387,0.3616422932430956,ns,13,-1.0769230769230769,2.0599975105785306,44,-0.4090909090909091,1.7825795499804369,True,True
PLV_Endothelial,Metric_to_MOCA,Mann-Whitney,0.43019825688253643,0.10448605792119403,ns,43,-0.6976744186046512,1.8712725962745531,14,-0.14285714285714285,1.7913099142223294,False,False
wPLI_Endothelial,Metric_to_MOCA,Mann-Whitney,0.946231772923567,0.008932588537083477,ns,44,-0.5681818181818182,1.9457494194738088,13,-0.5384615384615384,1.5607361839521232,False,False
COx_SingleHemisphere_LF,Metric_to_MOCA,t-test,0.0938866235961993,0.48576527769353695,ns,18,-1.1666666666666667,1.9174124721184262,39,-0.28205128205128205,1.7762870493001606,True,True
COx_Window_SE_rSO2_LF,Metric_to_MOCA,t-test,0.3056706837041775,0.27915548579175903,ns,23,-0.8695652173913043,1.8415494421345535,34,-0.35294117647058826,1.856721661899885,True,True
XCorr_MaxCorr_LF,Metric_to_MOCA,t-test,0.45630773722799467,0.21378099469583642,ns,18,-0.8333333333333334,2.148871112659745,39,-0.4358974358974359,1.7136429615675766,True,True
XCorr_OptimalLag_LF,Metric_to_MOCA,t-test,0.7196067709242887,0.10137579394646862,ns,21,-0.7142857142857143,1.8746428231227712,32,-0.53125,1.7594789367969876,True,True
XCorr_Width_LF,Metric_to_MOCA,Mann-Whitney,0.668242775628634,0.05676428329802659,ns,29,-0.6551724137931034,1.9137820085774344,28,-0.4642857142857143,1.8152061990235555,False,True
SE_Power_LF,Metric_to_MOCA,t-test,0.8565274068707985,0.04812692499273083,ns,29,-0.5172413793103449,1.9752158951649603,28,-0.6071428571428571,1.7499055152119818,True,True
PowerRatio_LF,Metric_to_MOCA,Mann-Whitney,0.24666411787115883,0.15344575303914174,ns,10,-1.1,1.5238839267549946,47,-0.44680851063829785,1.9088866620681402,True,False
Bandwidth_SE_LF,Metric_to_MOCA,Mann-Whitney,0.5871196229413773,0.07192406527410082,ns,52,-0.5961538461538461,1.7851194872361926,5,-0.2,2.6832815729997477,False,True
Bandwidth_rSO2_LF,Metric_to_MOCA,t-test,0.7073702536762638,0.1628598439975524,ns,51,-0.5294117647058824,1.7361214378777836,6,-0.8333333333333334,2.8577380332470415,True,True
Bidirectional_Causality_LF,Metric_to_MOCA,Mann-Whitney,0.3461659127167699,0.13322630048635378,ns,46,-0.45652173913043476,1.8703121752398024,4,-1.5,2.6457513110645907,False,True
Lx_LF,Metric_to_MOCA,Mann-Whitney,0.06917915982270104,0.24070036765344896,ns,16,0.1875,1.6007810593582121,41,-0.8536585365853658,1.8783100863509745,True,False
AmplitudeCorr_LF,Metric_to_MOCA,Mann-Whitney,0.11553773224202478,0.20845258953628373,ns,23,-1.0434782608695652,2.0108401877995092,34,-0.23529411764705882,1.6888013236829962,False,True
TransferCoherence_LF,Metric_to_MOCA,Mann-Whitney,0.28673921010957726,0.1411027197191057,ns,11,-1.0909090909090908,1.5782614139961386,46,-0.43478260869565216,1.904989634419667,True,False
TransferGainVariability_LF,Metric_to_MOCA,Mann-Whitney,0.029826003995397383,0.28774053227633717,*,54,-0.6851851851851852,1.8204713682986746,3,1.6666666666666667,0.5773502691896257,False,False
TransferPhaseVariability_LF,Metric_to_MOCA,t-test,0.37955978282653413,0.2391608218226277,ns,23,-0.8260869565217391,1.7228985595908763,34,-0.38235294117647056,1.938676616450744,True,True
PhaseMargin_LF,Metric_to_MOCA,Mann-Whitney,0.8586344632141483,0.02359160430190161,ns,30,-0.6333333333333333,1.884296874869689,27,-0.48148148148148145,1.847459177656008,False,True
GainMargin_LF,Metric_to_MOCA,Mann-Whitney,0.4318666093071247,0.10410844173139176,ns,33,-0.42424242424242425,1.8713348015237519,24,-0.75,1.8474424154113356,True,False
WaveletCoherence_LF,Metric_to_MOCA,Mann-Whitney,0.11782028068174931,0.20715533092021998,ns,17,-1.1176470588235294,1.727800369732296,40,-0.325,1.8727122795697373,True,False
PLV_LF,Metric_to_MOCA,t-test,0.40754288587906307,0.2214028565419395,ns,27,-0.7777777777777778,1.8257418583505538,30,-0.36666666666666664,1.884296874869689,True,True
wPLI_LF,Metric_to_MOCA,t-test,0.8447353501062002,0.053535745827366026,ns,35,-0.6,1.801959717510192,22,-0.5,1.970013294613105,True,True
BilateralEfficiency_Myogenic,Metric_to_MOCA,Mann-Whitney,0.608099778254455,0.06792040077349797,ns,16,-0.375,1.6683325008322931,41,-0.6341463414634146,1.9333403420114061,True,False
COx_CI_Lower_Myogenic,Metric_to_MOCA,t-test,0.9879626836295896,0.006116231350703971,ns,50,-0.56,1.7398099825872375,7,-0.5714285714285714,2.699206232527312,True,True
COx_Stability_Myogenic,Metric_to_MOCA,Mann-Whitney,0.5355932092388634,0.09133890661553226,ns,10,-0.1,1.5238839267549948,36,-0.5833333333333334,2.0476467329246866,True,False
COx_SingleHemisphere_Myogenic,Metric_to_MOCA,t-test,0.33556288664376555,0.3066711416446152,ns,13,-1.0,2.1213203435596424,44,-0.4318181818181818,1.7705304325780424,True,True
COx_Window_SE_rSO2_Myogenic,Metric_to_MOCA,t-test,0.23075604394003435,0.32226524767394615,ns,26,-0.8846153846153846,1.7961497282113887,31,-0.2903225806451613,1.8831453898039272,True,True
XCorr_MaxCorr_Myogenic,Metric_to_MOCA,Mann-Whitney,0.8069254906444353,0.03237080988108793,ns,25,-0.52,2.0024984394500787,32,-0.59375,1.7571857081433442,False,True
XCorr_OptimalLag_Myogenic,Metric_to_MOCA,t-test,0.8853212295317026,0.0410757886370446,ns,20,-0.65,1.9269556026896009,33,-0.5757575757575758,1.7325974545156009,True,True
XCorr_Width_Myogenic,Metric_to_MOCA,t-test,0.31712484149051395,0.2922921449978943,ns,17,-0.9411764705882353,1.919328926841818,40,-0.4,1.8229308607505998,True,True
SE_Power_Myogenic,Metric_to_MOCA,t-test,0.7007984906689569,0.10509099569602307,ns,22,-0.6818181818181818,1.8096662053792616,35,-0.4857142857142857,1.90002211398011,True,True
PowerRatio_Myogenic,Metric_to_MOCA,Mann-Whitney,0.1477083071939317,0.19174907595415666,ns,12,-1.1666666666666667,1.403458930534474,45,-0.4,1.935317685925116,False,False
Bandwidth_SE_Myogenic,Metric_to_MOCA,Mann-Whitney,0.5871196229413773,0.07192406527410082,ns,52,-0.5961538461538461,1.7851194872361926,5,-0.2,2.6832815729997477,False,True
Bandwidth_rSO2_Myogenic,Metric_to_MOCA,Mann-Whitney,0.765198771501069,0.039558606378512544,ns,44,-0.5,1.8108201919135596,13,-0.7692307692307693,2.0475125621855637,False,True
Bidirectional_Causality_Myogenic,Metric_to_MOCA,Mann-Whitney,0.3461659127167699,0.13322630048635378,ns,46,-0.45652173913043476,1.8703121752398024,4,-1.5,2.6457513110645907,False,True
Lx_Myogenic,Metric_to_MOCA,Mann-Whitney,0.11225321694822452,0.2103551418711831,ns,15,0.13333333333333333,1.6417180315870614,42,-0.8095238095238095,1.8771812708978117,True,False
MyogenicReactivity,Metric_to_MOCA,t-test,0.6310952295564053,0.26438661229892213,ns,4,-0.75,2.753785273643051,22,-1.1818181818181819,1.4019158196439492,True,True
SmoothMuscleTone_SE,Metric_to_MOCA,Mann-Whitney,0.5380162044892681,0.08156677398391524,ns,50,-0.5,1.854393569392453,7,-1.0,1.9148542155126762,False,True
SmoothMuscleTone_rSO2,Metric_to_MOCA,Mann-Whitney,0.24157533909108764,0.15511046262007389,ns,53,-0.6415094339622641,1.8511362375853366,4,0.5,1.7320508075688772,False,True
MyogenicAutoregulationIndex,Metric_to_MOCA,Mann-Whitney,0.39917145476753446,0.11167157503084076,ns,52,-0.6153846153846154,1.7949148885152115,5,0.0,2.5495097567963922,False,True
VascularCompliance_Myogenic,Metric_to_MOCA,Mann-Whitney,0.44509885823999806,0.1011427997400549,ns,50,-0.64,1.84899310712725,7,0.0,1.9148542155126762,False,False
AmplitudeCorr_Myogenic,Metric_to_MOCA,t-test,0.0697953537111841,0.5077818827594882,ns,21,-1.1428571428571428,1.9820624179302297,36,-0.2222222222222222,1.7089865185644153,True,True
TransferCoherence_Myogenic,Metric_to_MOCA,Mann-Whitney,0.21141595656622858,0.16552434428587398,ns,11,-1.1818181818181819,1.4709304414677,46,-0.41304347826086957,1.915737014618328,True,False
TransferGainVariability_Myogenic,Metric_to_MOCA,Mann-Whitney,0.6349627729532411,0.06288261998111107,ns,53,-0.5849056603773585,1.791367787089293,4,-0.25,2.8722813232690143,False,True
TransferPhaseVariability_Myogenic,Metric_to_MOCA,Mann-Whitney,0.023075544657594503,0.30095780390085786,*,28,0.03571428571428571,1.855565060331136,29,-1.1379310344827587,1.6844697752246314,False,True
WaveletCoherence_Myogenic,Metric_to_MOCA,Mann-Whitney,0.11782028068174931,0.20715533092021998,ns,17,-1.1176470588235294,1.727800369732296,40,-0.325,1.8727122795697373,True,False
PLV_Myogenic,Metric_to_MOCA,Mann-Whitney,0.3524247370429101,0.12316778451458596,ns,28,-0.7857142857142857,1.8329725474726457,29,-0.3448275862068966,1.8760875335382239,False,True
wPLI_Myogenic,Metric_to_MOCA,Mann-Whitney,0.23859244453501693,0.15609776318119706,ns,41,-0.36585365853658536,1.8269660308962454,16,-1.0625,1.8786076404259264,False,True
AutonomicModulation_Neurogenic,Metric_to_MOCA,Mann-Whitney,0.013732434684246104,0.35567479388320733,*,22,-1.1818181818181819,1.7898221150335591,26,0.07692307692307693,1.718675697694639,True,False
AutoregulationEffectiveness_Neurogenic,Metric_to_MOCA,Mann-Whitney,0.10081135382230576,0.21734686634444753,ns,49,-0.3877551020408163,1.8006518094222188,8,-1.625,1.9226098333849673,False,True
BilateralEfficiency_Neurogenic,Metric_to_MOCA,t-test,0.8198244848548941,0.06884021491807514,ns,15,-0.4666666666666667,2.099886618254378,42,-0.5952380952380952,1.781469985091427,True,True
COx_CI_Lower_Neurogenic,Metric_to_MOCA,Mann-Whitney,0.39917145476753446,0.11167157503084076,ns,52,-0.4807692307692308,1.7544384567839744,5,-1.4,2.7928480087537886,False,True
COx_Stability_Neurogenic,Metric_to_MOCA,Mann-Whitney,0.35783332399727896,0.1402226634126176,ns,14,-0.5,1.5566235649883124,29,-0.10344827586206896,2.143842138148351,True,False
COx_SingleHemisphere_Neurogenic,Metric_to_MOCA,t-test,0.49639851275113855,0.21069282418604462,ns,14,-0.8571428571428571,2.1070264449124596,43,-0.46511627906976744,1.7774893638326519,True,True
COx_Window_SE_rSO2_Neurogenic,Metric_to_MOCA,t-test,0.42830429554095373,0.21408002521990765,ns,24,-0.7916666666666666,1.793203755891931,33,-0.3939393939393939,1.9029482707662133,True,True
XCorr_MaxCorr_Neurogenic,Metric_to_MOCA,t-test,0.3947394400513019,0.22896319022980766,ns,25,-0.8,1.9790570145063195,32,-0.375,1.75517667523538,True,True
XCorr_OptimalLag_Neurogenic,Metric_to_MOCA,t-test,0.2545371504942831,0.3073471593348884,ns,25,-0.88,1.943364779619788,32,-0.3125,1.7677669529663689,True,True
XCorr_Width_Neurogenic,Metric_to_MOCA,Mann-Whitney,0.8020710196577205,0.03320175060827969,ns,29,-0.6206896551724138,1.953271854084984,28,-0.5,1.7743021580745904,False,True
SE_Power_Neurogenic,Metric_to_MOCA,Mann-Whitney,0.20007015194863298,0.1697191822045861,ns,13,-1.0769230769230769,1.5525000516123695,44,-0.4090909090909091,1.920733651234653,True,False
rSO2_Power_Neurogenic,Metric_to_MOCA,Mann-Whitney,0.05732242183669059,0.251772965741795,ns,54,-0.4444444444444444,1.8084358577434607,3,-2.6666666666666665,1.5275252316519465,False,True
PowerRatio_Neurogenic,Metric_to_MOCA,Mann-Whitney,0.016911552556838523,0.31638111503949595,*,20,-1.35,1.7252002172135512,37,-0.13513513513513514,1.7975625806161053,True,False
Bandwidth_SE_Neurogenic,Metric_to_MOCA,t-test,0.8908525282844019,0.03679923400883038,ns,32,-0.53125,1.866242991473995,25,-0.6,1.8708286933869707,True,True
Bandwidth_rSO2_Neurogenic,Metric_to_MOCA,t-test,0.8516866564978519,0.05780257548441918,ns,14,-0.6428571428571429,1.9057460827371866,43,-0.5348837209302325,1.8561203420717343,True,True
Bidirectional_Causality_Neurogenic,Metric_to_MOCA,Mann-Whitney,0.11902042940604077,0.2350127761275023,ns,41,-0.36585365853658536,1.867566565894983,3,-2.0,1.0,False,True
Lx_Neurogenic,Metric_to_MOCA,Mann-Whitney,0.04388725712670899,0.2669152591800622,*,16,0.25,1.4832396974191326,41,-0.8780487804878049,1.8999358140634584,True,False
SympatheticTone_SE,Metric_to_MOCA,Mann-Whitney,0.24700403907780033,0.15333541522620597,ns,19,-0.9473684210526315,1.6490294859747157,38,-0.3684210526315789,1.93713430908564,True,False
SympatheticTone_rSO2,Metric_to_MOCA,Mann-Whitney,0.5201956639897838,0.08517323519301415,ns,52,-0.6153846153846154,1.859304594374099,5,0.0,1.8708286933869707,False,True
AutonomicBalance,Metric_to_MOCA,t-test,0.24026440019192283,0.40355244003747565,ns,11,-1.2727272727272727,1.5550504230351558,41,-0.5365853658536586,1.88543842349213,True,True
NeurogenicCouplingEfficiency,Metric_to_MOCA,Mann-Whitney,0.35563031522404287,0.12235016097587284,ns,7,-1.2857142857142858,2.2886885410853175,50,-0.46,1.7866854502007854,True,False
NeurogenicBurstDuration,Metric_to_MOCA,Mann-Whitney,0.2791115100363797,0.14335644375910372,ns,49,-0.46938775510204084,1.915964083000237,8,-1.125,1.3562026818605375,False,False
AmplitudeCorr_Neurogenic,Metric_to_MOCA,t-test,0.03220285198635661,0.582979559917915,*,27,-1.1111111111111112,1.8045526471705546,30,-0.06666666666666667,1.7798359733284477,True,True
TransferGain_Neurogenic,Metric_to_MOCA,Mann-Whitney,0.35869399019474013,0.12157306529681473,ns,53,-0.6226415094339622,1.8731546313263132,4,0.25,1.5,False,True
TransferCoherence_Neurogenic,Metric_to_MOCA,Mann-Whitney,0.06572898055557357,0.24374937932787658,ns,9,-1.6666666666666667,1.5811388300841895,48,-0.3541666666666667,1.8391670563037243,True,False
TransferPhaseVariability_Neurogenic,Metric_to_MOCA,Mann-Whitney,0.10400141383208948,0.21533674104305411,ns,36,-0.2222222222222222,1.6232438618151726,21,-1.1428571428571428,2.104417123236605,False,True
WaveletCoherence_Neurogenic,Metric_to_MOCA,t-test,0.046226295977429215,0.5811267611210893,*,18,-1.2777777777777777,1.8086574662067332,39,-0.23076923076923078,1.798559927765873,True,True
PLV_Neurogenic,Metric_to_MOCA,t-test,0.8222525465864288,0.06535236374700173,ns,40,-0.525,1.921371038260613,17,-0.6470588235294118,1.7299268940690902,True,True
wPLI_Neurogenic,Metric_to_MOCA,t-test,0.18766143997762788,0.360188601541036,ns,34,-0.29411764705882354,1.8509524454822495,23,-0.9565217391304348,1.821045176154847,True,True
AutonomicModulation_Respiratory,Metric_to_MOCA,t-test,0.4899296289627839,0.23982228202213957,ns,11,-0.8181818181818182,1.7786613965666325,36,-0.3888888888888889,1.793285536626283,True,True
rSO2_to_SE_Causality_Respiratory,Metric_to_MOCA,Mann-Whitney,0.034476156910734246,0.29044316176456453,*,49,-0.40816326530612246,1.836191340643938,4,-2.5,1.2909944487358056,False,True
Bidirectional_Causality_Respiratory,Metric_to_MOCA,Mann-Whitney,0.03468188547513615,0.28478919697964106,*,48,-0.4166666666666667,1.866084002274844,7,-2.0,1.1547005383792515,False,True
RespiratoryPhaseLag,Metric_to_MOCA,t-test,0.28700435737981617,0.3393954014209013,ns,13,-0.07692307692307693,1.84668795692624,44,-0.7045454545454546,1.8499471451223408,True,True
RespiratoryRateVariability,Metric_to_MOCA,t-test,0.6492573085160102,0.14435765556740662,ns,44,-0.5,1.8108201919135596,13,-0.7692307692307693,2.0475125621855637,True,True
AutoregulationEffectiveness_VLF,Metric_to_MOCA,Mann-Whitney,0.6681445573689593,0.056782156795342764,ns,52,-0.5192307692307693,1.7985875135062437,5,-1.0,2.5495097567963922,False,True
AutoregulationTimeConstant_VLF,Metric_to_MOCA,t-test,0.033618698130152336,0.7181888296055687,*,33,-0.30303030303030304,1.7227312704838877,13,-1.5384615384615385,1.7134460703206962,True,True
BilateralEfficiency_VLF,Metric_to_MOCA,t-test,0.8730299518983342,0.04732786997461072,ns,16,-0.625,1.9958289839896939,41,-0.5365853658536586,1.8179323553918305,True,True
COx_CI_Lower_VLF,Metric_to_MOCA,Mann-Whitney,0.342948208302154,0.12561283193522943,ns,50,-0.46,1.775226343717491,7,-1.2857142857142858,2.3603873774083297,False,True
COx_Stability_VLF,Metric_to_MOCA,Mann-Whitney,0.7294676126519524,0.05336331578206543,ns,15,-0.6666666666666666,1.4960264830861913,27,-0.5185185185185185,2.259516121963529,True,False
COx_SingleHemisphere_VLF,Metric_to_MOCA,t-test,0.006191584222772139,0.8760632603095537,**,14,-1.7142857142857142,1.8156825980064075,43,-0.18604651162790697,1.7217905125809387,True,True
COx_Window_SE_rSO2_VLF,Metric_to_MOCA,t-test,0.26965400866415,0.3133176110896553,ns,19,-0.9473684210526315,1.8995228702237106,38,-0.3684210526315789,1.8221023294547065,True,True
XCorr_MaxCorr_VLF,Metric_to_MOCA,t-test,0.1177730052636515,0.44649528674147654,ns,19,-1.105263157894737,1.8225359878204286,38,-0.2894736842105263,1.8293093473980697,True,True
XCorr_OptimalLag_VLF,Metric_to_MOCA,t-test,0.7007984906689569,0.10509099569602307,ns,22,-0.6818181818181818,1.7289237950752743,35,-0.4857142857142857,1.9459071462556325,True,True
XCorr_Width_VLF,Metric_to_MOCA,Mann-Whitney,0.18921774548580472,0.17389742138695694,ns,37,-0.7837837837837838,1.7181245449477613,20,-0.15,2.058998223459779,False,True
SE_Power_VLF,Metric_to_MOCA,Mann-Whitney,0.4139137187629722,0.10821770284695095,ns,14,-0.8571428571428571,1.70326125450528,43,-0.46511627906976744,1.9067403899662592,True,False
PowerRatio_VLF,Metric_to_MOCA,Mann-Whitney,0.03832534779259455,0.2743580764961354,*,13,-1.4615384615384615,1.6132464481796025,44,-0.29545454545454547,1.8499471451223408,True,False
Bandwidth_SE_VLF,Metric_to_MOCA,t-test,0.7073702536762638,0.1628598439975524,ns,51,-0.5294117647058824,1.7361214378777836,6,-0.8333333333333334,2.8577380332470415,True,True
Bandwidth_rSO2_VLF,Metric_to_MOCA,Mann-Whitney,0.5055300862199159,0.08818919982444107,ns,46,-0.6304347826086957,1.8780450314347146,11,-0.2727272727272727,1.7939291563999449,False,True
Bidirectional_Causality_VLF,Metric_to_MOCA,Mann-Whitney,0.6272925991387418,0.07082344154530351,ns,44,-0.4772727272727273,1.861340306833641,3,-1.0,2.6457513110645907,False,True
Lx_VLF,Metric_to_MOCA,Mann-Whitney,0.12479182934349613,0.20331140241104345,ns,19,0.0,1.632993161855452,38,-0.8421052631578947,1.9105159313011066,True,False
AmplitudeCorr_VLF,Metric_to_MOCA,t-test,0.37955978282653413,0.2391608218226277,ns,23,-0.8260869565217391,1.9224079103855778,34,-0.38235294117647056,1.8093143834956988,True,True
TransferCoherence_VLF,Metric_to_MOCA,Mann-Whitney,0.3952177485368955,0.11261082439120934,ns,11,-1.0,1.7888543819998317,46,-0.45652173913043476,1.8703121752398024,True,False
TransferPhaseVariability_VLF,Metric_to_MOCA,Mann-Whitney,0.02901850990500563,0.28917653755598444,*,29,0.0,1.7728105208558367,28,-1.1428571428571428,1.7787695646207702,False,True
PhaseMargin_VLF,Metric_to_MOCA,Mann-Whitney,0.38996042341355,0.11386860814370975,ns,33,-0.7575757575757576,1.7858874374926152,24,-0.2916666666666667,1.944427191089776,False,True
GainMargin_VLF,Metric_to_MOCA,t-test,0.41438368415493587,0.28640948379816944,ns,47,-0.46808510638297873,1.8160044990102677,10,-1.0,2.0548046676563256,True,True
WaveletCoherence_VLF,Metric_to_MOCA,Mann-Whitney,0.07321535418537553,0.23728810507276013,ns,18,-1.1666666666666667,1.6890651782777917,39,-0.28205128205128205,1.8771299193564226,True,False
PLV_VLF,Metric_to_MOCA,t-test,0.9683953335026876,0.010545356313263836,ns,29,-0.5517241379310345,1.9925971368426922,28,-0.5714285714285714,1.7305227518611233,True,True
wPLI_VLF,Metric_to_MOCA,t-test,0.4794548828239301,0.19761537187117134,ns,37,-0.43243243243243246,1.8187379711788632,20,-0.8,1.9358120830939742,True,True
