Metric,Analysis,Test_Type,p_value,Effect_Size,Significance,Good_MOCA_N,Good_MOCA_Metric_Mean,Good_MOCA_Metric_Std,Bad_MOCA_N,Bad_MOCA_Metric_Mean,Bad_MOCA_Metric_Std,Good_Normal,Bad_Normal
CardiacCouplingStrength_Cardiac,MOCA_to_Metric,Mann-Whitney,0.007264797044573901,0.3555648678521224,**,49,0.10429348213822229,0.09638635843560535,8,0.19773644191185966,0.0998397108508419,False,True
PulseAmplitudeSE_Cardiac,MOCA_to_Metric,Mann-Whitney,0.3129382794924007,0.1336553557382489,ns,49,0.5809304211994988,0.3973747661237375,8,0.7912169311579844,0.539308198256698,False,True
PulseAmplitudeRSO2_Cardiac,MOCA_to_Metric,Mann-Whitney,0.04544000034858146,0.26498043341879823,*,49,0.08417072098136369,0.060031654415666054,8,0.14658485407050562,0.08703976023580733,False,True
CardiacPhaseLag_Cardiac,MOCA_to_Metric,Mann-Whitney,0.19206094600396162,0.17278610643927023,ns,49,-0.20816326530612245,1.289676434661985,8,0.42500000000000004,1.1877349391654208,False,True
PulseWaveVelocity_Cardiac,MOCA_to_Metric,Mann-Whitney,0.8051456731931074,0.03637292728717381,ns,40,1.3150000000000002,0.5726904565071422,6,1.2333333333333334,0.6623191577077223,False,True
DominantCardiacFreq_Cardiac,MOCA_to_Metric,t-test,0.018626238804180954,0.9246585336191757,*,49,0.5472735969387755,0.08097128340210112,8,0.47607421875,0.04034920441958586,True,True
EstimatedHeartRate_Cardiac,MOCA_to_Metric,Mann-Whitney,0.021650232589082077,0.3725331903292,*,35,35.189732142857146,3.498184154370472,3,31.25,0.6765823467065927,False,False
SE_to_rSO2_Causality_Cardiac,MOCA_to_Metric,Mann-Whitney,0.6765011130172648,0.05526510628960215,ns,49,0.04452932697964153,0.10858463179707918,8,0.02641059116461541,0.02345881218938287,False,True
rSO2_to_SE_Causality_Cardiac,MOCA_to_Metric,Mann-Whitney,0.07083833401725802,0.23927841696742336,ns,49,0.035034274897658535,0.048186898916942125,8,0.08319255629045236,0.09024827922794468,False,False
Bidirectional_Causality_Cardiac,MOCA_to_Metric,Mann-Whitney,0.19827447397749398,0.17039886415623276,ns,49,0.039781800938650067,0.06924938254299537,8,0.05480157372753389,0.050947930086258295,False,True
AutoregulationEffectiveness_Endothelial,MOCA_to_Metric,t-test,0.30327950529310777,0.39625497784097147,ns,49,0.6459435391198645,0.18953188767186963,8,0.5724790573704088,0.15408269894964083,True,True
AutoregulationTimeConstant_Endothelial,MOCA_to_Metric,Mann-Whitney,0.08021082701610782,0.28013845843959156,ns,32,18.125,7.803018439949604,7,12.857142857142858,7.559289460184545,False,False
BilateralEfficiency_Endothelial,MOCA_to_Metric,t-test,0.2734132671223978,0.4218580505900928,ns,49,0.4288302837104145,0.2409266480475375,8,0.3254482803648182,0.2717390843460677,True,True
COx_CI_Lower_Endothelial,MOCA_to_Metric,t-test,0.8432711369756656,0.07574902875511275,ns,49,-0.21924658329601301,0.2957446409855123,8,-0.24278831276105012,0.3989303620322236,True,True
COx_CI_Upper_Endothelial,MOCA_to_Metric,t-test,0.7159790928469363,0.13945676713211144,ns,49,0.25484947065487334,0.29466241872977667,8,0.2978380708281466,0.38888191072683354,True,True
COx_Stability_Endothelial,MOCA_to_Metric,Mann-Whitney,0.6157634582103849,0.0689362697157772,ns,46,0.6563736668262345,0.4136964196540129,7,0.6717399355081742,0.5545315289801803,False,False
CardiacCerebralCoupling_Endothelial,MOCA_to_Metric,Mann-Whitney,0.42564031395867075,0.12441959543267449,ns,36,26.475241257425353,63.54997886578345,5,7.504491529244008,10.905222405598916,False,False
COx_SingleHemisphere_Endothelial,MOCA_to_Metric,Mann-Whitney,0.22368304843683076,0.1611681476162248,ns,49,0.19338091221661477,0.4162075180244159,8,-0.007946259978271308,0.47462251076286815,False,True
COx_Window_SE_rSO2_Endothelial,MOCA_to_Metric,Mann-Whitney,0.38344358992060384,0.11544212413493246,ns,49,0.04203497925313938,0.29996972109738956,8,-0.1047294682537025,0.30857318235837655,False,True
XCorr_MaxCorr_Endothelial,MOCA_to_Metric,Mann-Whitney,0.17496352595832704,0.17966307078172503,ns,49,0.357617388043799,0.1753271014344971,8,0.44862370115670436,0.19419106263542352,False,True
XCorr_OptimalLag_Endothelial,MOCA_to_Metric,Mann-Whitney,0.32279936795815445,0.13095937614075895,ns,49,0.0,23.54074481970922,8,8.75,18.850918886280922,True,False
XCorr_Asymmetry_Endothelial,MOCA_to_Metric,t-test,0.3824748660331968,0.33571692174615264,ns,49,-0.0004046140025078189,0.08106632841419699,8,0.027585940431547978,0.09775097180017618,True,True
XCorr_Width_Endothelial,MOCA_to_Metric,t-test,0.2766768956252474,0.41896837531500064,ns,49,77.14285714285714,29.720924166878344,8,65.0,23.299294900428702,True,True
CVRI,MOCA_to_Metric,Mann-Whitney,0.9910123869116801,0.0014920248731798977,ns,49,0.8147644444866852,0.1999568299882379,8,0.8610378764302181,0.0841292828108749,False,True
SE_alpha,MOCA_to_Metric,t-test,0.11972429291866385,0.6026871732004508,ns,49,0.6795688223725411,0.19770303602039135,8,0.8112715331741581,0.3273907476279819,True,True
rSO2_alpha,MOCA_to_Metric,Mann-Whitney,0.8304800981849877,0.02835636556858247,ns,49,1.0591285713159837,0.27191811785703784,8,1.0199254720757427,0.3272392487745641,False,True
cross_DFA,MOCA_to_Metric,Mann-Whitney,0.8304800981849877,0.02835636556858247,ns,49,0.8693486968442619,0.17183643146734548,8,0.9155985026249505,0.289448224034111,False,True
VasomotionStrength_SE,MOCA_to_Metric,Mann-Whitney,0.8129387409392085,0.03134328042898723,ns,49,2.291752789060736,1.1776278226911225,8,2.281496683892242,1.3108474827716223,False,True
VasomotionStrength_rSO2,MOCA_to_Metric,Mann-Whitney,0.016419160971997002,0.31781657364848764,*,49,0.8703657371891524,0.5479234743421413,8,1.4399339976534304,0.662936921497335,False,True
VasomotionCoupling,MOCA_to_Metric,t-test,0.45126637940655345,0.28931380733663553,ns,49,0.03854581644227951,0.2632381519551802,8,-0.04787331151857099,0.4752727906938714,True,True
EndothelialDysfunctionIndex,MOCA_to_Metric,Mann-Whitney,0.05096790192648595,0.25851559302135996,ns,49,0.7855966914317173,0.15454642261833337,8,0.6146615233685232,0.24249844714739316,False,True
VasomotionRegularity,MOCA_to_Metric,t-test,0.8937750643149787,0.05115396198248019,ns,49,0.016705370452981143,0.2029928804087954,8,0.0067911779859433224,0.11215556174206935,True,True
EstimatedCCP,MOCA_to_Metric,Mann-Whitney,0.970449838729528,0.004995026170608251,ns,48,-0.6101903155871188,13.043831604210109,7,-1.269047275260768,3.8613774997234445,False,True
EstimatedRAP,MOCA_to_Metric,Mann-Whitney,0.7267392681353779,0.04628794193215917,ns,49,0.2344532545487664,1.704546046195235,8,-0.1762685002040269,1.0816712278215463,False,True
FractalDim_SE,MOCA_to_Metric,Mann-Whitney,0.6931066065127636,0.052271700672862305,ns,49,0.9116438755914439,0.09996893087082788,8,0.8857752121145535,0.14258720183201232,False,True
FractalDim_rSO2,MOCA_to_Metric,t-test,0.23467928307818123,0.46057401486216804,ns,46,0.74316812268732,0.1004363354384276,8,0.6992393317611896,0.05224938012886759,True,True
SE_Power_Endothelial,MOCA_to_Metric,Mann-Whitney,0.9371487328844652,0.010444470620889332,ns,49,5.753112284593791,7.402355195583665,8,5.800470001403746,5.785559135425917,False,True
rSO2_Power_Endothelial,MOCA_to_Metric,Mann-Whitney,0.023023725370825084,0.30107160005771355,*,49,0.5666811002612413,0.6783549783974513,8,1.5632049482906651,1.3807819912381607,False,True
PowerRatio_Endothelial,MOCA_to_Metric,Mann-Whitney,0.10119145051325669,0.21710472491543842,ns,49,25.089601663792866,39.4815294150963,8,5.589725228793526,4.381815604348122,False,True
SpectralCentroid_SE_Endothelial,MOCA_to_Metric,Mann-Whitney,0.490693997389482,0.09128748986562667,ns,49,0.011013455063618621,0.002047956040579307,8,0.010659327013216762,0.002125646074879232,False,True
SpectralCentroid_rSO2_Endothelial,MOCA_to_Metric,t-test,0.9300199310339509,0.03364154596151864,ns,49,0.008995612425348149,0.0023752433749193906,8,0.008917565609487775,0.0018979158551993204,True,True
Bandwidth_SE_Endothelial,MOCA_to_Metric,Mann-Whitney,0.2913916305259258,0.13974792221603746,ns,49,0.004355386905401088,0.0007487170978877346,8,0.004547865887698725,0.00021284305687100505,False,True
Bandwidth_rSO2_Endothelial,MOCA_to_Metric,Mann-Whitney,0.4764975031415829,0.09429970373300241,ns,49,0.0042744416836066855,0.0007407957833625418,8,0.004242839557437112,0.00035588276922330665,False,True
Rolloff_SE_Endothelial,MOCA_to_Metric,Mann-Whitney,0.8978197069302675,0.01700912524292954,ns,49,0.018231823979591836,0.001961874534737382,8,0.018505859375000003,0.0007795041877622209,False,True
Rolloff_rSO2_Endothelial,MOCA_to_Metric,Mann-Whitney,0.6187864334914523,0.06590489169713601,ns,49,0.01683673469387755,0.002442375976629965,8,0.017041015625,0.001179984958358845,False,True
SE_to_rSO2_Causality_Endothelial,MOCA_to_Metric,Mann-Whitney,0.7625700891626068,0.044543325814661174,ns,40,0.12952566680601846,0.22710910501789003,6,0.12265374421636242,0.15398516340928753,False,True
rSO2_to_SE_Causality_Endothelial,MOCA_to_Metric,Mann-Whitney,0.24494393864785244,0.17528633281631534,ns,38,0.1585736467201925,0.20377688385148443,6,0.33591008314316984,0.33694915876789194,False,True
Bidirectional_Causality_Endothelial,MOCA_to_Metric,Mann-Whitney,0.305254586593214,0.15455926647713294,ns,38,0.13001667226288743,0.18346932167629185,6,0.22928191367976591,0.2315025808775728,False,True
HRx,MOCA_to_Metric,t-test,0.04364095287509554,0.7874683012291829,*,49,0.12396879274335017,0.32499983399734605,8,-0.137885773371198,0.3801486316775791,True,True
TOHRx,MOCA_to_Metric,Mann-Whitney,0.4352373103678671,0.10334808361588063,ns,49,0.03704872264375695,0.30730380360105203,8,-0.061205187555569654,0.31277493605220147,False,True
Hurst_SE,MOCA_to_Metric,Mann-Whitney,0.490693997389482,0.09128748986562667,ns,49,0.8401686745026316,0.1171807970378485,8,0.8815453708062883,0.1296358624413347,False,True
Hurst_rSO2,MOCA_to_Metric,Mann-Whitney,0.34709708246246607,0.1245371551657898,ns,49,0.9349880005215206,0.07278706989187005,8,0.9576798842886175,0.05712854595526528,False,True
Lx_Endothelial,MOCA_to_Metric,Mann-Whitney,0.04286316276035301,0.26822322207700616,*,49,0.2647803097975319,0.5275026175305547,8,0.6868098534376175,0.2442705961126241,False,True
SE_MSE,MOCA_to_Metric,Mann-Whitney,0.23262804199541157,0.15809835903856118,ns,49,0.06169839271527842,0.027826290930083233,8,0.04772479202216083,0.016039856609617372,False,True
rSO2_MSE,MOCA_to_Metric,Mann-Whitney,0.8657991920565671,0.022384167321242376,ns,49,0.06151461744014812,0.0289483480387176,8,0.060933222627881235,0.03087351539403418,False,True
ComplexityIndex,MOCA_to_Metric,t-test,0.5156659200268098,0.2494881540851786,ns,49,10.626713001316919,4.128564299665973,8,9.623802176315142,3.175891335935701,True,True
MutualInformation,MOCA_to_Metric,Mann-Whitney,0.6600458436056311,0.05825953885885379,ns,49,0.6382297056621382,0.223342261118669,8,0.6519861560030085,0.16079767573078924,False,False
Mx,MOCA_to_Metric,t-test,0.17986690877930564,0.518009889567439,ns,49,0.037130598435095585,0.3020345313340811,8,-0.1193977956449528,0.30311764612779823,True,True
NormalizedMutualInformation,MOCA_to_Metric,Mann-Whitney,0.27082702630106104,0.1458522053268029,ns,49,0.2847818494945345,0.14228468460367297,8,0.31054165442402226,0.12552863152779067,False,True
COx_TemporalVariability,MOCA_to_Metric,Mann-Whitney,0.34709708246246607,0.1245371551657898,ns,49,0.587854190317871,0.1636432440036936,8,0.627801885446313,0.16053885184764086,False,True
PRx,MOCA_to_Metric,t-test,0.269103099943643,0.4257117321271834,ns,49,0.029749124604999105,0.34412732819478065,8,-0.11396367623729502,0.2887338513083797,True,True
AutoregulationRange,MOCA_to_Metric,Mann-Whitney,0.7098548259597388,0.049279368050044126,ns,49,14.856570702487554,8.038335645126761,8,13.56448147061179,7.295829045858549,False,True
FRx,MOCA_to_Metric,Mann-Whitney,0.6437469178190016,0.06125516634297117,ns,49,-0.09191001224759314,0.2938342908661846,8,-0.10417478094075001,0.24737418873895903,False,True
SurrogatePValue,MOCA_to_Metric,Mann-Whitney,0.2486177619949863,0.15281304911915852,ns,49,0.2530612244897959,0.27611293041097523,8,0.185,0.3298051372726456,False,False
SurrogateSignificance,MOCA_to_Metric,Mann-Whitney,0.1412758198327672,0.19484620210904977,ns,49,0.3469387755102041,0.48092880658867043,8,0.625,0.5175491695067657,False,False
Sx,MOCA_to_Metric,t-test,0.5575687068128847,0.22500320021964415,ns,49,0.010921595087229926,0.4633973521259699,8,0.12023002959647527,0.6179638891804179,True,True
PhaseDiff_Endothelial,MOCA_to_Metric,Mann-Whitney,0.1536832101701545,0.18896330378796064,ns,49,-0.132363570083839,0.5218804630434221,8,0.20813288703809746,0.5235893093352634,False,True
AmplitudeCorr_Endothelial,MOCA_to_Metric,t-test,0.20452036585963146,0.48962509206436033,ns,49,0.277469560605805,0.3493218421216745,8,0.4455743311361155,0.2990589546521004,True,True
PhaseAmpCoupling_Endothelial,MOCA_to_Metric,Mann-Whitney,0.07866756916584593,0.23291504339062793,ns,49,0.02592266120142674,0.019335927389822753,8,0.038438983093975546,0.02565849286385295,False,False
TransferGain_Endothelial,MOCA_to_Metric,Mann-Whitney,0.260912290021467,0.14890889293174173,ns,49,0.4119708231020292,0.3009930308820459,8,0.46443945096923556,0.19630487579912173,False,True
TransferPhase_Endothelial,MOCA_to_Metric,t-test,0.0028725048487446415,1.1900186152857404,**,49,24.014976456235587,73.28611751296931,8,-60.979104949598586,57.02549439745612,True,True
TransferCoherence_Endothelial,MOCA_to_Metric,Mann-Whitney,0.23262804199541157,0.15809835903856118,ns,49,0.18093297748690362,0.17415276467397772,8,0.24674717082548553,0.20682117817789047,False,False
TransferPhaseLead_Endothelial,MOCA_to_Metric,Mann-Whitney,0.021517725009280977,0.3044801732029323,*,49,0.6080705009276438,0.40805135732567516,8,0.24147727272727276,0.3678605099512342,False,False
TransferGainVariability_Endothelial,MOCA_to_Metric,Mann-Whitney,0.6437469178190016,0.06125516634297117,ns,49,0.16686896498887557,0.1330155667924915,8,0.15435288967539773,0.07889851514081567,False,True
TransferPhaseVariability_Endothelial,MOCA_to_Metric,Mann-Whitney,0.5051062030418302,0.08827704698728808,ns,49,53.72225923458505,40.54598739592274,8,69.72154937112496,51.62049161667886,False,False
WaveletCoherence_Endothelial,MOCA_to_Metric,Mann-Whitney,0.12251079411077073,0.20455020047797876,ns,49,0.3286949771702993,0.17271637173912993,8,0.4263554244555037,0.19028839062606603,False,True
WaveletPhase_Endothelial,MOCA_to_Metric,t-test,0.5674916980705536,0.21934345379308712,ns,49,-10.439333482912565,40.9648426121655,8,-1.572255486631418,36.513528856726,True,True
PLV_Endothelial,MOCA_to_Metric,t-test,0.0004392331051779581,1.4265028121588805,***,49,0.3959750493931033,0.1724682688098545,8,0.6359620965057069,0.13569018277256137,True,True
PPC_Endothelial,MOCA_to_Metric,Mann-Whitney,0.0008931734149328636,0.4400333721158254,***,49,0.1856877351805393,0.1379956112073189,8,0.42038249401169725,0.17372320577639794,False,True
wPLI_Endothelial,MOCA_to_Metric,t-test,0.18539863189290506,0.5113958059136907,ns,49,0.5061818495124905,0.28384688798032764,8,0.648511898396356,0.23694449712841745,True,True
COx_SingleHemisphere_LF,MOCA_to_Metric,t-test,0.0616003499264552,0.7276143825615855,ns,49,0.21511203722295613,0.37328919420730017,8,-0.055252450248420376,0.35961355481759766,True,True
COx_Window_SE_rSO2_LF,MOCA_to_Metric,t-test,0.5729444587049514,0.2162541536348414,ns,49,0.03404029798293208,0.15161273601487985,8,-0.0038407451898977048,0.28891009500289716,True,True
XCorr_MaxCorr_LF,MOCA_to_Metric,Mann-Whitney,0.3020422743070095,0.13670017743605245,ns,49,0.269798507738171,0.07717968070924155,8,0.33076607082556186,0.155554269949955,True,False
XCorr_OptimalLag_LF,MOCA_to_Metric,t-test,0.8300423622752893,0.08753121477677543,ns,46,4.304347826086956,20.347939633854708,7,2.5714285714285716,15.04279609267221,True,True
XCorr_Asymmetry_LF,MOCA_to_Metric,Mann-Whitney,0.1405862168803929,0.195184614475743,ns,49,0.0004901780577784364,0.03498394310823382,8,0.0220839977687712,0.02727488702783249,False,True
XCorr_Width_LF,MOCA_to_Metric,t-test,0.7115191545086972,0.14175122680924393,ns,49,21.714285714285715,10.503967504392486,8,23.25,12.870231433150577,True,True
SE_Power_LF,MOCA_to_Metric,Mann-Whitney,0.9550841856747576,0.007460215286020231,ns,49,1.8584093685455085,2.5066208308196454,8,1.6577045144120937,1.6382425249337593,False,True
rSO2_Power_LF,MOCA_to_Metric,Mann-Whitney,0.260912290021467,0.14890889293174173,ns,49,0.04968494346576542,0.07614558147730233,8,0.10756088962236254,0.1133848476576065,False,True
PowerRatio_LF,MOCA_to_Metric,Mann-Whitney,0.4352373103678671,0.10334808361588063,ns,49,69.45768625423003,85.7796387772983,8,53.65535610637207,83.73424583290216,False,False
SpectralCentroid_SE_LF,MOCA_to_Metric,t-test,0.8761839068133783,0.05969088410367496,ns,49,0.1133336214210156,0.014890943974868136,8,0.11244227059334136,0.015216555705196632,True,True
SpectralCentroid_rSO2_LF,MOCA_to_Metric,t-test,0.24874172657900984,0.44453291808400724,ns,49,0.10608331472072122,0.012011988455951713,8,0.10074413442400319,0.012002370156023436,True,True
Bandwidth_SE_LF,MOCA_to_Metric,Mann-Whitney,0.7098548259597388,0.049279368050044126,ns,49,0.030620758843072058,0.006725848233259071,8,0.031090714106912075,0.00785482401707667,False,True
Bandwidth_rSO2_LF,MOCA_to_Metric,t-test,0.43996181742642093,0.2966319317641236,ns,49,0.02912689260053817,0.006016201889678263,8,0.027238231692299365,0.008386177004263336,True,True
Rolloff_SE_LF,MOCA_to_Metric,Mann-Whitney,0.7559086477947594,0.04117413522357256,ns,49,0.1719547193877551,0.02257021362548336,8,0.1708984375,0.027601622046911224,False,False
Rolloff_rSO2_LF,MOCA_to_Metric,Mann-Whitney,0.3339118661225623,0.12798485399031162,ns,49,0.16485969387755103,0.01964452166750216,8,0.155517578125,0.02718259068655445,False,True
SE_to_rSO2_Causality_LF,MOCA_to_Metric,Mann-Whitney,0.6812462942908607,0.05696258523225812,ns,44,0.11724241248362476,0.20559890763221889,8,0.13777342262272413,0.1721277349163848,False,False
rSO2_to_SE_Causality_LF,MOCA_to_Metric,Mann-Whitney,0.13595376720605298,0.21300420491971014,ns,42,0.10507839260627405,0.17476939243747502,7,0.23750455557911648,0.24053505883536597,False,True
Bidirectional_Causality_LF,MOCA_to_Metric,Mann-Whitney,0.09330413120357832,0.23733616843773622,ns,42,0.10023357583638932,0.1520999871174798,8,0.25046175552429206,0.2729451832876626,False,True
Lx_LF,MOCA_to_Metric,Mann-Whitney,0.182504568966395,0.17657115623703784,ns,49,0.24521305259516704,0.5355877043863839,8,0.5390363836622748,0.3254250902652546,False,True
PhaseDiff_LF,MOCA_to_Metric,t-test,0.0634248823640448,0.7224078521263919,ns,49,-0.05862535516220398,0.21227476520843372,8,0.1041782456007955,0.300105963468492,True,True
AmplitudeCorr_LF,MOCA_to_Metric,Mann-Whitney,0.20650812292380138,0.1673183153039237,ns,49,0.1883438619167882,0.3519310773788648,8,0.3428410362867517,0.2830455202200449,False,True
TransferGain_LF,MOCA_to_Metric,Mann-Whitney,0.9730418593226001,0.004476051762355817,ns,49,0.47096898294506456,0.2499606535379068,8,0.4468063050364319,0.19230732161205175,False,True
TransferPhase_LF,MOCA_to_Metric,t-test,0.46329134120249227,0.2816453539879702,ns,49,5.176043118492344,36.613385302375775,8,-4.72975308740675,22.95863050092513,True,True
TransferCoherence_LF,MOCA_to_Metric,Mann-Whitney,0.1470279090140063,0.19207173214223616,ns,49,0.3573790084409326,0.18005150759709887,8,0.39296713009364526,0.08904257107801468,False,True
TransferPhaseLead_LF,MOCA_to_Metric,t-test,0.3032728487116076,0.3962604861413879,ns,49,0.511117879987816,0.1846802744796599,8,0.43843283582089554,0.1745945152547042,True,True
TransferGainVariability_LF,MOCA_to_Metric,Mann-Whitney,0.08282699440827836,0.2297419389908374,ns,49,0.2681595782967135,0.11738690845040421,8,0.19533763233444165,0.06748772651975428,False,True
TransferPhaseVariability_LF,MOCA_to_Metric,Mann-Whitney,0.6276114259010458,0.06425194165960318,ns,49,93.89829433397574,21.619498310071176,8,87.50713493245392,34.851513155354276,False,True
PhaseMargin_LF,MOCA_to_Metric,t-test,0.4632913412024856,0.2816453539879744,ns,49,185.17604311849234,36.61338530237576,8,175.2702469125931,22.958630500925036,True,True
GainMargin_LF,MOCA_to_Metric,t-test,0.8098518782401034,0.09219556907728327,ns,49,7.419498698105023,3.855461791639035,8,7.777240224731926,4.0461103767842275,True,True
AutoregulationEfficiency_LF,MOCA_to_Metric,Mann-Whitney,0.057021655577646,0.2520776847560773,ns,49,0.2408362818811713,0.11155676645825677,8,0.27177796863668513,0.05488656193100023,False,False
WaveletCoherence_LF,MOCA_to_Metric,Mann-Whitney,0.34709708246246607,0.1245371551657898,ns,49,0.4108238429689947,0.2490187275625699,8,0.5065170945578886,0.3109642715779248,False,True
WaveletPhase_LF,MOCA_to_Metric,Mann-Whitney,0.9910123869116801,0.0014920248731798977,ns,49,-4.168399864700133,32.445182153663616,8,-5.051328155019136,29.329394396234743,False,True
PLV_LF,MOCA_to_Metric,Mann-Whitney,0.27082702630106104,0.1458522053268029,ns,49,0.28209600174391214,0.17515626672714257,8,0.3484810766493576,0.17205890341142185,False,True
PPC_LF,MOCA_to_Metric,Mann-Whitney,0.27082702630106104,0.1458522053268029,ns,49,0.109282454286111,0.12991592889303122,8,0.1470082871914013,0.14768063045075605,False,False
wPLI_LF,MOCA_to_Metric,Mann-Whitney,0.3354662615133438,0.12757391553575584,ns,49,0.3744873155850972,0.2750250231021825,8,0.4887705046453493,0.3168704588880913,False,True
BilateralEfficiency_Myogenic,MOCA_to_Metric,t-test,0.5436512786896588,0.23302699532771698,ns,49,0.4383462290095338,0.25334797651354796,8,0.4945364083444466,0.12931468365720813,True,True
COx_CI_Lower_Myogenic,MOCA_to_Metric,t-test,0.42087969673838344,0.30924166771618933,ns,49,-0.19213766440059574,0.16796410890565597,8,-0.24759521562979753,0.24338821649097292,True,True
COx_CI_Upper_Myogenic,MOCA_to_Metric,t-test,0.8017555735636175,0.09620517944043717,ns,49,0.2580384798586887,0.18502504542879092,8,0.2387882068432885,0.2825566939677095,True,True
COx_Stability_Myogenic,MOCA_to_Metric,Mann-Whitney,0.5985107085898721,0.07763458832781064,ns,38,0.9363976346102628,0.5298297921498605,8,0.8428310831429133,0.5503409404687577,False,True
CardiacCerebralCoupling_Myogenic,MOCA_to_Metric,Mann-Whitney,0.3356360260385028,0.15619062211312026,ns,32,76.71103016899032,191.17298917102457,6,82.84759866793702,103.71575391518655,False,True
COx_SingleHemisphere_Myogenic,MOCA_to_Metric,t-test,0.21060814689132365,0.4830153875821668,ns,49,0.2832408681330433,0.38153419244181574,8,0.10528337302886684,0.26144315101061477,True,True
COx_Window_SE_rSO2_Myogenic,MOCA_to_Metric,t-test,0.6162486821663258,0.19220145013442405,ns,49,0.026896153402969095,0.1603954945947032,8,-0.00744879096904592,0.2729002604214225,True,True
XCorr_MaxCorr_Myogenic,MOCA_to_Metric,Mann-Whitney,0.9730418593226001,0.004476051762355817,ns,49,0.2938732520059449,0.08603014578083684,8,0.31949846447740976,0.14278028377782478,True,False
XCorr_OptimalLag_Myogenic,MOCA_to_Metric,t-test,0.5229642795362508,0.26095661198104386,ns,46,2.8260869565217392,21.530654475087466,7,-2.5714285714285716,12.634043201566458,True,True
XCorr_Asymmetry_Myogenic,MOCA_to_Metric,Mann-Whitney,0.595854507727865,0.07024939728462393,ns,49,-0.000154158117659001,0.04414825542813319,8,0.010510034072746,0.021792930222141765,False,True
XCorr_Width_Myogenic,MOCA_to_Metric,t-test,0.4355799002180928,0.29949831923373993,ns,49,22.73469387755102,10.875767233863092,8,26.25,16.47292150339893,True,True
SE_Power_Myogenic,MOCA_to_Metric,Mann-Whitney,0.8835602488175655,0.019398767981681626,ns,49,1.8861720896517138,2.321904028331187,8,1.6396999569798862,1.6455104360830144,False,False
rSO2_Power_Myogenic,MOCA_to_Metric,Mann-Whitney,0.22368304843683076,0.1611681476162248,ns,49,0.062371653643299246,0.0961660734756414,8,0.13527578341379515,0.13326384198343177,False,True
PowerRatio_Myogenic,MOCA_to_Metric,Mann-Whitney,0.35897092883599113,0.12150302649895761,ns,49,58.993585380091496,71.24394595135036,8,39.62263901919701,58.74451949783213,False,False
SpectralCentroid_SE_Myogenic,MOCA_to_Metric,t-test,0.7063344653541265,0.14442511583386228,ns,49,0.09546575618897439,0.011050485159918957,8,0.09388815182395105,0.010008051223412934,True,True
SpectralCentroid_rSO2_Myogenic,MOCA_to_Metric,t-test,0.12929142121703135,0.5872440745609139,ns,49,0.08889524727796737,0.008912477947845918,8,0.08388143912401426,0.00529797857112073,True,True
Bandwidth_SE_Myogenic,MOCA_to_Metric,Mann-Whitney,0.7267392681353779,0.04628794193215917,ns,49,0.02312001805721166,0.0035918570878071886,8,0.022981708214949038,0.0038671401948205376,False,True
Bandwidth_rSO2_Myogenic,MOCA_to_Metric,t-test,0.19738339036512198,0.49756394751158467,ns,49,0.022467987538625906,0.0038321829938881944,8,0.02061187870393854,0.0029389136232501768,True,True
Rolloff_SE_Myogenic,MOCA_to_Metric,Mann-Whitney,0.7290058673055403,0.045888192069078904,ns,49,0.13520408163265307,0.011257082554335487,8,0.135498046875,0.013036808930961577,False,False
Rolloff_rSO2_Myogenic,MOCA_to_Metric,Mann-Whitney,0.10627342922475913,0.21393477175781078,ns,49,0.13105867346938777,0.011494469030997817,8,0.125244140625,0.009928194828869388,False,True
SE_to_rSO2_Causality_Myogenic,MOCA_to_Metric,Mann-Whitney,0.23335060035283142,0.166881480054745,ns,43,0.12070174025933601,0.20068511341466846,8,0.17136868742801192,0.20890471171544064,False,False
rSO2_to_SE_Causality_Myogenic,MOCA_to_Metric,Mann-Whitney,0.007923663631126576,0.38326032183429104,**,41,0.12454912428365655,0.17167533313404473,7,0.28721932190385724,0.22400148732713313,False,True
Bidirectional_Causality_Myogenic,MOCA_to_Metric,Mann-Whitney,0.006634568165450424,0.38390960151571196,**,42,0.12555851612837587,0.17239849657630069,8,0.2866179013844282,0.2645587171490597,False,False
Lx_Myogenic,MOCA_to_Metric,Mann-Whitney,0.21497685133177857,0.16424149045569864,ns,49,0.24973166790670157,0.5337028868997438,8,0.5336490488625576,0.32006196655601055,False,True
MyogenicReactivity,MOCA_to_Metric,Mann-Whitney,0.13016722408026757,0.2968105497287151,ns,22,0.151481051638625,0.1352244057521127,4,0.2801157343273193,0.15978204200947577,False,True
SmoothMuscleTone_SE,MOCA_to_Metric,Mann-Whitney,0.5197294541905794,0.08526842618273739,ns,49,1.28452194257702,0.6471655541956871,8,1.3659494617068766,0.4933873172228339,False,True
SmoothMuscleTone_rSO2,MOCA_to_Metric,Mann-Whitney,0.05096790192648595,0.25851559302135996,ns,49,0.259517646226396,0.1462104519030686,8,0.39859762582490676,0.19647890135821175,False,True
MyogenicAutoregulationIndex,MOCA_to_Metric,Mann-Whitney,0.09633309161085316,0.2202560640924889,ns,49,0.8249401679888594,0.15365624998422686,8,0.748604738180255,0.1358099131751838,False,True
VascularCompliance_Myogenic,MOCA_to_Metric,Mann-Whitney,0.0746728305066993,0.23609374728433757,ns,49,0.24489466257145365,0.18999059641579327,8,0.29500044301093065,0.11978203210329227,False,True
MyogenicFrequencyStability,MOCA_to_Metric,t-test,0.9540048875865761,0.031350558489349735,ns,25,1.5514273407373507,0.2576926331423718,4,1.5594696969696948,0.24703127137229897,True,True
PhaseDiff_Myogenic,MOCA_to_Metric,t-test,0.873945223684099,0.06077940471366248,ns,49,-0.043059866727787166,0.27779096427742694,8,-0.06038645651914532,0.33071786120876706,True,True
AmplitudeCorr_Myogenic,MOCA_to_Metric,Mann-Whitney,0.182504568966395,0.17657115623703784,ns,49,0.20693195063375833,0.3365770975339862,8,0.4055708568276875,0.3086203079469747,False,True
PhaseAmpCoupling_Myogenic,MOCA_to_Metric,Mann-Whitney,0.6116450734524221,0.06725003437799201,ns,49,0.039213048020738966,0.04908921107006047,8,0.06957749681642289,0.10195871330736221,False,False
TransferGain_Myogenic,MOCA_to_Metric,Mann-Whitney,0.6765011130172648,0.05526510628960215,ns,49,0.49329195945318066,0.27410676295997355,8,0.43409618311195985,0.16131095968385634,False,True
TransferPhase_Myogenic,MOCA_to_Metric,t-test,0.7298056422559597,0.13237561370113032,ns,49,5.857735242119938,42.3093909414651,8,0.37805412249524295,34.47715088945704,True,True
TransferCoherence_Myogenic,MOCA_to_Metric,Mann-Whitney,0.2809867971898465,0.1427985263592993,ns,49,0.3463172876084542,0.1814096429957737,8,0.37309762227653914,0.11080648694169945,False,True
TransferPhaseLead_Myogenic,MOCA_to_Metric,t-test,0.5723606232675463,0.21658424017496203,ns,49,0.5168589174800354,0.21402581983041438,8,0.4701086956521739,0.22798341611447176,True,True
TransferGainVariability_Myogenic,MOCA_to_Metric,Mann-Whitney,0.17496352595832704,0.17966307078172503,ns,49,0.27763050924942406,0.1812884566924501,8,0.22150495636923662,0.14577681536667086,False,False
TransferPhaseVariability_Myogenic,MOCA_to_Metric,t-test,0.8121412380499391,0.09106368478972718,ns,49,87.52741867417706,26.158302817179,8,90.04309650529771,36.11462021847592,True,True
WaveletCoherence_Myogenic,MOCA_to_Metric,Mann-Whitney,0.2809867971898465,0.1427985263592993,ns,49,0.39030714777387,0.23826170758638335,8,0.48533028184321864,0.2828384179680577,False,True
WaveletPhase_Myogenic,MOCA_to_Metric,t-test,0.8118974418854816,0.0911841812584176,ns,49,-7.622850226286258,30.254628817156544,8,-4.879646316871623,28.888540806149592,True,True
PLV_Myogenic,MOCA_to_Metric,Mann-Whitney,0.9013781110422271,0.016413689656938207,ns,49,0.31249840289387903,0.17696240347815279,8,0.32843381123313375,0.20022966471946374,False,True
PPC_Myogenic,MOCA_to_Metric,Mann-Whitney,0.9013781110422271,0.016413689656938207,ns,49,0.12796850183832503,0.1293117460507218,8,0.14259194380883516,0.15682427804153914,False,True
wPLI_Myogenic,MOCA_to_Metric,t-test,0.6349873494238262,0.18203431724544497,ns,49,0.4594236635411854,0.2525267180464733,8,0.5070786558010677,0.318132647400533,True,True
AutonomicModulation_Neurogenic,MOCA_to_Metric,Mann-Whitney,0.3507453686228722,0.13468780624574325,ns,42,0.28544272545542065,0.18944682592454645,6,0.3675820213406607,0.18812301462864348,False,True
AutoregulationEffectiveness_Neurogenic,MOCA_to_Metric,Mann-Whitney,0.182504568966395,0.17657115623703784,ns,49,0.7036286590415638,0.16169357327921074,8,0.620665453348487,0.155418610607867,False,True
AutoregulationTimeConstant_Neurogenic,MOCA_to_Metric,Mann-Whitney,0.061983486191093375,0.2782285502434379,ns,39,11.923076923076923,7.035192046099813,6,6.666666666666667,2.581988897471611,False,False
BilateralEfficiency_Neurogenic,MOCA_to_Metric,t-test,0.8150385414138158,0.08963239428287036,ns,49,0.4277497022697389,0.2438315316041474,8,0.44916256832942913,0.20183148696684505,True,True
COx_CI_Lower_Neurogenic,MOCA_to_Metric,t-test,0.5374858342612727,0.23661496299217805,ns,49,-0.27199473334448876,0.19267481631420325,8,-0.32139864998486223,0.29660029378591574,True,True
COx_CI_Upper_Neurogenic,MOCA_to_Metric,t-test,0.9951957056277438,0.0023065379063796276,ns,49,0.2982788973806091,0.18858160186428036,8,0.29875510313006204,0.30174963652221404,True,True
COx_Stability_Neurogenic,MOCA_to_Metric,t-test,0.05382874371753169,0.8737391380836012,ns,37,0.8909629984947813,0.35467728604053556,6,0.5845191554667447,0.32085177078243365,True,True
CardiacCerebralCoupling_Neurogenic,MOCA_to_Metric,Mann-Whitney,0.7077540106951872,0.06336530886617414,ns,31,42.337134712043806,78.97444401460324,4,10.592292347493634,7.333713577026747,False,True
COx_SingleHemisphere_Neurogenic,MOCA_to_Metric,Mann-Whitney,0.23262804199541157,0.15809835903856118,ns,49,0.28452721421501137,0.3972154412116428,8,0.15246588171541542,0.2641539408846655,False,True
COx_Window_SE_rSO2_Neurogenic,MOCA_to_Metric,t-test,0.49926764698851966,0.259354585269319,ns,49,0.020326005896236354,0.21075313046142866,8,-0.03763862317845139,0.29646902449950296,True,True
XCorr_MaxCorr_Neurogenic,MOCA_to_Metric,Mann-Whitney,0.07866756916584593,0.23291504339062793,ns,49,0.2856990401375779,0.10622801781762461,8,0.37931418058162736,0.16459029137637857,False,True
XCorr_OptimalLag_Neurogenic,MOCA_to_Metric,Mann-Whitney,0.7204380102666137,0.047401498226702456,ns,49,-1.1224489795918366,27.238631155234,8,5.0,17.320508075688775,False,False
XCorr_Asymmetry_Neurogenic,MOCA_to_Metric,t-test,0.2782194400298166,0.4176108862055328,ns,49,0.0021297118799263976,0.05809140972817366,8,0.027328078327031963,0.0739349385000674,True,True
XCorr_Width_Neurogenic,MOCA_to_Metric,t-test,0.4571924829224019,0.28552012036008034,ns,49,35.0,12.829003598617211,8,31.25,15.059406173077154,True,True
SE_Power_Neurogenic,MOCA_to_Metric,Mann-Whitney,0.7954875174175369,0.03433074797942552,ns,49,4.08412688096001,5.123319544156078,8,3.5300419152431672,3.683742072888228,False,False
rSO2_Power_Neurogenic,MOCA_to_Metric,Mann-Whitney,0.053927072855748596,0.25529326688258835,ns,49,0.21390844143156756,0.3142752212568959,8,0.6388179471337365,0.6259649127047546,False,True
PowerRatio_Neurogenic,MOCA_to_Metric,Mann-Whitney,0.016419160971997002,0.31781657364848764,*,49,43.16406446201459,65.14912216213096,8,7.807778089291154,3.7854837676197706,False,True
SpectralCentroid_SE_Neurogenic,MOCA_to_Metric,t-test,0.6113986577055555,0.19485537226523036,ns,49,0.03510359931330439,0.0030724753336237084,8,0.03568079016083696,0.002051594529728425,True,True
SpectralCentroid_rSO2_Neurogenic,MOCA_to_Metric,Mann-Whitney,0.40887139929841027,0.10939065752722206,ns,49,0.03249193199793505,0.0024015642934068584,8,0.03187188497659357,0.002635538735997268,False,False
Bandwidth_SE_Neurogenic,MOCA_to_Metric,t-test,0.7228379640579233,0.1359381012590642,ns,49,0.010180461038231564,0.0014341984189060238,8,0.010371314640561687,0.0011759803151274834,True,True
Bandwidth_rSO2_Neurogenic,MOCA_to_Metric,t-test,0.8704685587903673,0.062470875501662124,ns,49,0.009324199006286402,0.0011428769549138244,8,0.009254495330864875,0.0009084422216918096,True,True
Rolloff_SE_Neurogenic,MOCA_to_Metric,Mann-Whitney,0.9630454960398803,0.006136846305944384,ns,49,0.05420918367346938,0.003921896808961776,8,0.054492187500000004,0.003386132021490641,False,True
Rolloff_rSO2_Neurogenic,MOCA_to_Metric,t-test,0.8560107128734682,0.06951875542854781,ns,49,0.05161033163265307,0.0035423182345701403,8,0.051367187499999994,0.003173452501810922,True,True
SE_to_rSO2_Causality_Neurogenic,MOCA_to_Metric,Mann-Whitney,0.32857131113561605,0.14405014823955065,ns,40,0.12065786829846101,0.16417252179063466,6,0.11501438329031659,0.08780403139847855,False,True
rSO2_to_SE_Causality_Neurogenic,MOCA_to_Metric,Mann-Whitney,0.14875368533905123,0.22019996106008854,ns,38,0.1382237311830943,0.1609391917565289,5,0.2732030055913932,0.25548827733525126,False,True
Bidirectional_Causality_Neurogenic,MOCA_to_Metric,Mann-Whitney,0.08426032277421953,0.2602773002060879,ns,38,0.12119057641778609,0.14522702661061973,6,0.2577391155917271,0.21342761757089995,False,True
Lx_Neurogenic,MOCA_to_Metric,Mann-Whitney,0.03806348536765033,0.2747305849394508,*,49,0.2447512827099106,0.5177503287636893,8,0.654411193866156,0.25459182405075276,False,True
SympatheticTone_SE,MOCA_to_Metric,Mann-Whitney,0.8657991920565671,0.022384167321242376,ns,49,1.8914129514102795,0.9637524298689975,8,1.830626942856497,0.7622432283426239,False,True
SympatheticTone_rSO2,MOCA_to_Metric,Mann-Whitney,0.060256046091667334,0.24886842399067718,ns,49,0.4705156951989499,0.2544849725272886,8,0.7514584531957451,0.38288878220785544,False,True
AutonomicBalance,MOCA_to_Metric,t-test,0.0881057298237422,0.668570055938285,ns,44,4.154421286143343,2.196418533796455,8,2.770862710495309,0.9771663219207963,True,True
NeurogenicCouplingEfficiency,MOCA_to_Metric,Mann-Whitney,0.1536832101701545,0.18896330378796064,ns,49,0.19706570497581732,0.13376030227541302,8,0.15803844888796634,0.19712705049600482,False,False
NeurogenicBurstFrequency,MOCA_to_Metric,Mann-Whitney,0.4882891046045966,0.11550543032519033,ns,30,0.008000000000000002,0.0021009029257555607,6,0.008666666666666666,0.0024221202832779933,False,True
NeurogenicBurstDuration,MOCA_to_Metric,Mann-Whitney,0.8179090632018331,0.0304953882833622,ns,49,22.532069970845484,13.737712721818054,8,18.60416666666667,6.559820881700964,False,True
PhaseDiff_Neurogenic,MOCA_to_Metric,t-test,0.09993325268972235,0.6380970551372324,ns,49,-0.04600419098024322,0.47824752144534627,8,0.2653539329973195,0.549874104418371,True,True
AmplitudeCorr_Neurogenic,MOCA_to_Metric,Mann-Whitney,0.2809867971898465,0.1427985263592993,ns,49,0.24346764506192559,0.34895140759149695,8,0.39349470524116137,0.4082006063822641,False,True
PhaseAmpCoupling_Neurogenic,MOCA_to_Metric,Mann-Whitney,0.7098548259597388,0.049279368050044126,ns,49,0.040849831709781986,0.04507180647829695,8,0.05229366458020533,0.0509535274377694,False,True
TransferGain_Neurogenic,MOCA_to_Metric,Mann-Whitney,0.5197294541905794,0.08526842618273739,ns,49,0.43754485661485915,0.3269360231748682,8,0.4257159831719904,0.17074562643645613,False,True
TransferPhase_Neurogenic,MOCA_to_Metric,t-test,0.25990087032352177,0.43408766224858597,ns,49,6.641907164076505,58.93577833271142,8,-19.75296820984694,72.33542155317284,True,True
TransferCoherence_Neurogenic,MOCA_to_Metric,Mann-Whitney,0.16764802483594468,0.18275906399921296,ns,49,0.26875040635941694,0.24686679389409907,8,0.37321883478606,0.2698421754227741,False,True
TransferPhaseLead_Neurogenic,MOCA_to_Metric,Mann-Whitney,0.2057103705889195,0.16761283275684935,ns,49,0.5490196078431373,0.3143121557171749,8,0.40441176470588236,0.31301346019719917,False,True
TransferGainVariability_Neurogenic,MOCA_to_Metric,Mann-Whitney,0.17496352595832704,0.17966307078172503,ns,49,0.21521175566785367,0.19174031337079767,8,0.13331328773722845,0.07753496039991188,False,True
TransferPhaseVariability_Neurogenic,MOCA_to_Metric,t-test,0.08301000349706696,0.6732742257667097,ns,49,72.19168349090619,35.288626490441665,8,97.56869154126795,51.21902895254139,True,True
WaveletCoherence_Neurogenic,MOCA_to_Metric,Mann-Whitney,0.6931066065127636,0.052271700672862305,ns,49,0.3782361270634156,0.2138933013495832,8,0.43188332246327726,0.21460379001711347,False,True
WaveletPhase_Neurogenic,MOCA_to_Metric,t-test,0.1736311610610959,0.5256547091689756,ns,49,-8.78558246894642,41.10078537700244,8,13.209247586511601,46.613320509741506,True,True
PLV_Neurogenic,MOCA_to_Metric,t-test,0.17267160075777044,0.5268497071709768,ns,49,0.40663538980609404,0.1687067581973433,8,0.5022218190112903,0.25192265996596946,True,True
PPC_Neurogenic,MOCA_to_Metric,Mann-Whitney,0.4352373103678671,0.10334808361588063,ns,49,0.192808616397946,0.15831744606991913,8,0.30739412436156677,0.2601499617308781,False,True
wPLI_Neurogenic,MOCA_to_Metric,Mann-Whitney,0.2809867971898465,0.1427985263592993,ns,49,0.5626304219370115,0.3276685698991253,8,0.6908589242259405,0.3234925534154144,False,True
AutonomicModulation_Respiratory,MOCA_to_Metric,Mann-Whitney,0.3025726577132467,0.1503769034011296,ns,42,0.24126248356436952,0.18896233731505144,5,0.31953807334039697,0.16614525073538308,False,True
CardiacCerebralCoupling_Respiratory,MOCA_to_Metric,Mann-Whitney,0.5949579831932774,0.08986780050047051,ns,32,116.46206917970227,186.82723582545054,3,23.808235697985893,16.779532142899807,False,True
SE_to_rSO2_Causality_Respiratory,MOCA_to_Metric,Mann-Whitney,0.5034494161242219,0.09021767841418664,ns,47,0.1083958981754381,0.1932455723794215,8,0.09050291732993379,0.11926587777009696,False,False
rSO2_to_SE_Causality_Respiratory,MOCA_to_Metric,Mann-Whitney,0.06720323797186693,0.25141274370328165,ns,45,0.12692545716557307,0.21676651572660496,8,0.3211408654298697,0.36133555656921873,False,True
Bidirectional_Causality_Respiratory,MOCA_to_Metric,Mann-Whitney,0.2832627363592958,0.14468580887492064,ns,47,0.13790155433078205,0.2122152248181848,8,0.20582189137990162,0.219873567910623,False,True
RespiratoryCouplingStrength,MOCA_to_Metric,Mann-Whitney,0.02457851486416239,0.29775004470370714,*,49,0.12784416976327112,0.09069609020815285,8,0.20884747862442848,0.10273256143265132,False,True
RespiratoryModulation_SE,MOCA_to_Metric,Mann-Whitney,0.6283699284266497,0.07296913157723493,ns,38,3.966883460853811,1.8318196676384226,6,5.057392712814818,3.1136367216959075,False,True
RespiratoryModulation_rSO2,MOCA_to_Metric,Mann-Whitney,0.009696544998213805,0.39910052539628155,**,36,4.581742881260492,1.7709790130329657,6,6.744617026963102,1.926920296399091,False,True
RespiratoryPhaseLag,MOCA_to_Metric,Mann-Whitney,0.2869196853108926,0.14104988962333845,ns,49,-0.40816326530612246,3.707640575818506,8,1.125,2.948970764763288,False,True
DominantRespiratoryFreq,MOCA_to_Metric,Mann-Whitney,0.6289182114568594,0.06400803097170145,ns,49,0.1985809948979592,0.04328090728202126,8,0.185546875,0.023062475803316766,False,True
RespiratoryRateVariability,MOCA_to_Metric,Mann-Whitney,0.39603919719814346,0.11241521460208602,ns,49,0.05821977726461963,0.013462939317594756,8,0.05536778289070217,0.010814323818992963,False,True
AutoregulationEffectiveness_VLF,MOCA_to_Metric,Mann-Whitney,0.260912290021467,0.14890889293174173,ns,49,0.7334927620402748,0.14695648837489855,8,0.6656982528142262,0.15627069966998874,False,True
AutoregulationTimeConstant_VLF,MOCA_to_Metric,Mann-Whitney,0.09748567534503981,0.2443359740637633,ns,40,15.0,8.843366338964376,6,10.0,10.0,False,False
BilateralEfficiency_VLF,MOCA_to_Metric,t-test,0.9914114140671864,0.004123429492053686,ns,49,0.4407096657482832,0.23978943294880373,8,0.4417229634399985,0.28320553602269843,True,True
COx_CI_Lower_VLF,MOCA_to_Metric,t-test,0.8036616000312599,0.0952602823805117,ns,49,-0.21209761354796658,0.16391157731094708,8,-0.22903580076977142,0.2533423960272164,True,True
COx_CI_Upper_VLF,MOCA_to_Metric,t-test,0.9039686274287606,0.046219259059497024,ns,49,0.29518761891313705,0.18781456603331115,8,0.28589255434414307,0.2754937005785703,True,True
COx_Stability_VLF,MOCA_to_Metric,Mann-Whitney,0.6713119021206312,0.0654783466954424,ns,34,0.7612190311766093,0.28420080891012706,8,0.7168847563212106,0.36972731068476766,False,True
CardiacCerebralCoupling_VLF,MOCA_to_Metric,Mann-Whitney,0.7452253628724217,0.054925134760132145,ns,31,38.06801312341864,61.3517266735903,4,20.327182277187102,21.889634242583252,False,True
COx_SingleHemisphere_VLF,MOCA_to_Metric,t-test,0.03395747638400558,0.8293306275867721,*,49,0.26957408753829315,0.3619955864415849,8,-0.03679288191499908,0.416746015373935,True,True
COx_Window_SE_rSO2_VLF,MOCA_to_Metric,t-test,0.32325577916600456,0.380081187112678,ns,49,0.06903286130906552,0.18564499272065563,8,-0.007561765402233536,0.28768307676326654,True,True
XCorr_MaxCorr_VLF,MOCA_to_Metric,Mann-Whitney,0.3710870937881862,0.11847132975267997,ns,49,0.27106384332303796,0.1069272021363155,8,0.340015447654212,0.19213143026866203,False,True
XCorr_OptimalLag_VLF,MOCA_to_Metric,t-test,0.5643321367613015,0.22114020275298935,ns,49,4.387755102040816,27.681835445024998,8,10.625,31.559184762239074,True,True
XCorr_Asymmetry_VLF,MOCA_to_Metric,t-test,0.21114793285492184,0.48243622168841244,ns,49,0.007944785556759721,0.06197164616713834,8,0.04019448078438476,0.09367854278070596,True,True
XCorr_Width_VLF,MOCA_to_Metric,Mann-Whitney,0.5024599515102761,0.08882634740672588,ns,49,37.857142857142854,17.67766952966369,8,39.375,10.155048005794951,False,True
SE_Power_VLF,MOCA_to_Metric,Mann-Whitney,0.9730418593226001,0.004476051762355817,ns,49,3.501377877122515,4.336096561611436,8,3.050260788319113,2.9549976324408305,False,True
rSO2_Power_VLF,MOCA_to_Metric,Mann-Whitney,0.10119145051325669,0.21710472491543842,ns,49,0.1487603037145625,0.21279882715087356,8,0.38077265488715784,0.3603235173507014,False,True
PowerRatio_VLF,MOCA_to_Metric,Mann-Whitney,0.04544000034858146,0.26498043341879823,*,49,46.63059174037134,56.024887383832734,8,12.241475783416417,5.991691371546832,False,True
SpectralCentroid_SE_VLF,MOCA_to_Metric,t-test,0.9228702537020311,0.03708915330156241,ns,49,0.038199906946036644,0.005022058441579786,8,0.03838349894843616,0.004424546376521057,True,True
SpectralCentroid_rSO2_VLF,MOCA_to_Metric,Mann-Whitney,0.34709708246246607,0.1245371551657898,ns,49,0.034180410239352456,0.003724894924738343,8,0.03292266087050781,0.0033583180523943236,False,True
Bandwidth_SE_VLF,MOCA_to_Metric,Mann-Whitney,0.9013781110422271,0.016413689656938207,ns,49,0.012681437379648702,0.0020897200687948233,8,0.0126540959212069,0.0022666334356085506,False,True
Bandwidth_rSO2_VLF,MOCA_to_Metric,t-test,0.42595185061558705,0.3058571422898478,ns,49,0.011783217701960641,0.0021639256712781044,8,0.011143205569417938,0.001514764907782315,True,True
Rolloff_SE_VLF,MOCA_to_Metric,Mann-Whitney,0.8900987030474075,0.018302297288387344,ns,49,0.061798469387755094,0.006191221199339233,8,0.06162109375,0.0070428661486762354,False,False
Rolloff_rSO2_VLF,MOCA_to_Metric,Mann-Whitney,0.3883750651187007,0.1142499143341769,ns,49,0.05774872448979591,0.006571013696183369,8,0.056249999999999994,0.00542874397634612,False,True
SE_to_rSO2_Causality_VLF,MOCA_to_Metric,Mann-Whitney,0.4807739053100644,0.10072262586769312,ns,41,0.06329754140616209,0.07579439432008692,8,0.16402388368061063,0.2771691378802702,False,False
rSO2_to_SE_Causality_VLF,MOCA_to_Metric,Mann-Whitney,0.07357195649878576,0.26672805524355625,ns,39,0.07799507056992756,0.12022196490383831,6,0.23578433031292026,0.2825408942958127,False,False
Bidirectional_Causality_VLF,MOCA_to_Metric,Mann-Whitney,0.150188915039217,0.20987995925857522,ns,40,0.09780401730280344,0.18787098117807585,7,0.2108590582546639,0.23603267059236457,False,False
Lx_VLF,MOCA_to_Metric,Mann-Whitney,0.08282699440827836,0.2297419389908374,ns,49,0.2288121164518496,0.525141308927614,8,0.56961006995488,0.3417244906749244,False,True
PhaseDiff_VLF,MOCA_to_Metric,t-test,0.6368145422286319,0.18105002906832846,ns,49,-0.020144001168613195,0.3279006752086545,8,0.04082282396783454,0.39202103245048187,True,True
AmplitudeCorr_VLF,MOCA_to_Metric,Mann-Whitney,0.4487656986284243,0.10032993496399428,ns,49,0.2674389799523905,0.33227903903215406,8,0.36212773062909553,0.3679061387211338,False,True
PhaseAmpCoupling_VLF,MOCA_to_Metric,Mann-Whitney,0.182504568966395,0.17657115623703784,ns,49,0.04141194579881625,0.04721751184832618,8,0.04778943431982402,0.04014555173888959,False,True
TransferGain_VLF,MOCA_to_Metric,Mann-Whitney,0.20650812292380138,0.1673183153039237,ns,49,0.3367300315459583,0.28036371486658196,8,0.40388874547222087,0.21727365735692614,False,True
TransferPhase_VLF,MOCA_to_Metric,t-test,0.5711603400975644,0.21726336820718592,ns,49,0.0024367386458435743,47.44989419194005,8,-10.259416645205665,45.71251108391374,True,True
TransferCoherence_VLF,MOCA_to_Metric,Mann-Whitney,0.07083833401725802,0.23927841696742336,ns,49,0.23675333924357495,0.21460793839374356,8,0.3015091998096866,0.15612497526675462,False,True
TransferPhaseLead_VLF,MOCA_to_Metric,t-test,0.5848339870207604,0.2095671967689574,ns,49,0.4923469387755102,0.2526938692944001,8,0.439453125,0.2503398220553343,True,True
TransferGainVariability_VLF,MOCA_to_Metric,Mann-Whitney,0.6600458436056311,0.05825953885885379,ns,49,0.16726332407090128,0.12794768230782833,8,0.1483038181353596,0.056383791331922624,False,True
TransferPhaseVariability_VLF,MOCA_to_Metric,t-test,0.12122134871648034,0.6002067969332523,ns,49,79.40410458393328,31.875537788879114,8,99.40726646868444,41.94881706696397,True,True
PhaseMargin_VLF,MOCA_to_Metric,t-test,0.57116034009756,0.21726336820718845,ns,49,180.00243673864586,47.449894191940004,8,169.74058335479424,45.7125110839136,True,True
GainMargin_VLF,MOCA_to_Metric,t-test,0.26485886554764465,0.429549239139791,ns,49,11.18350499255808,5.149229132609114,8,8.991622587314323,4.771856290674634,True,True
AutoregulationEfficiency_VLF,MOCA_to_Metric,Mann-Whitney,0.07083833401725802,0.23927841696742336,ns,49,0.16452418008075465,0.12884831650981277,8,0.20596596231183387,0.08201453988951096,False,True
WaveletCoherence_VLF,MOCA_to_Metric,Mann-Whitney,0.4625200245598634,0.09731386971590131,ns,49,0.3834528473011219,0.22714992377490642,8,0.45147394871269986,0.23292889912822015,False,True
WaveletPhase_VLF,MOCA_to_Metric,t-test,0.5854930410077447,0.20919844983405153,ns,49,-8.037142693115397,33.29664984916138,8,-1.3275095245623065,21.91357266569529,True,True
PLV_VLF,MOCA_to_Metric,t-test,0.6920427112441789,0.15183374104037808,ns,49,0.3301196928551476,0.16664716027432952,8,0.356140822164782,0.20084551780410748,True,True
PPC_VLF,MOCA_to_Metric,Mann-Whitney,0.8657991920565671,0.022384167321242376,ns,49,0.13585636052254235,0.13227818437373323,8,0.16181534779501566,0.18700600251782531,False,False
wPLI_VLF,MOCA_to_Metric,Mann-Whitney,0.6437469178190016,0.06125516634297117,ns,49,0.5102065970292585,0.29603997944456384,8,0.5639370516846005,0.34122186242736174,False,True
